Informasi Kurs Jisdor;Informasi Kurs Jisdor;Informasi Kurs Jisdor;Informasi Kurs Jisdor
;;;
NO;Tanggal;Kurs;
1;8/24/2026 12:00:00 AM;17703;
2;8/21/2026 12:00:00 AM;17705;
3;8/20/2026 12:00:00 AM;17779;
4;8/19/2026 12:00:00 AM;17844;
5;8/18/2026 12:00:00 AM;17856;
6;8/14/2026 12:00:00 AM;17836;
7;8/13/2026 12:00:00 AM;17882;
8;8/12/2026 12:00:00 AM;17876;
9;8/11/2026 12:00:00 AM;17824;
10;8/10/2026 12:00:00 AM;17795;
11;8/7/2026 12:00:00 AM;17913;
12;8/6/2026 12:00:00 AM;17919;
13;8/5/2026 12:00:00 AM;17937;
14;8/4/2026 12:00:00 AM;18037;
15;8/3/2026 12:00:00 AM;17991;
16;7/31/2026 12:00:00 AM;18058;
17;7/30/2026 12:00:00 AM;18078;
18;7/29/2026 12:00:00 AM;18087;
19;7/28/2026 12:00:00 AM;18088;
20;7/27/2026 12:00:00 AM;17995;
21;7/24/2026 12:00:00 AM;17973;
22;7/23/2026 12:00:00 AM;17915;
23;7/22/2026 12:00:00 AM;17909;
24;7/21/2026 12:00:00 AM;17909;
25;7/20/2026 12:00:00 AM;17976;
26;7/17/2026 12:00:00 AM;17944;
27;7/16/2026 12:00:00 AM;18041;
28;7/15/2026 12:00:00 AM;18064;
29;7/14/2026 12:00:00 AM;18099;
30;7/13/2026 12:00:00 AM;18131;
31;7/10/2026 12:00:00 AM;18069;
32;7/9/2026 12:00:00 AM;18090;
33;7/8/2026 12:00:00 AM;18005;
34;7/7/2026 12:00:00 AM;17988;
35;7/6/2026 12:00:00 AM;17999;
36;7/3/2026 12:00:00 AM;17960;
37;7/2/2026 12:00:00 AM;17994;
38;7/1/2026 12:00:00 AM;17961;
39;6/30/2026 12:00:00 AM;17899;
40;6/29/2026 12:00:00 AM;17856;
41;6/26/2026 12:00:00 AM;17962;
42;6/25/2026 12:00:00 AM;17942;
43;6/24/2026 12:00:00 AM;17955;
44;6/23/2026 12:00:00 AM;17868;
45;6/22/2026 12:00:00 AM;17819;
46;6/19/2026 12:00:00 AM;17826;
47;6/18/2026 12:00:00 AM;17826;
48;6/17/2026 12:00:00 AM;17753;
49;6/15/2026 12:00:00 AM;17719;
50;6/12/2026 12:00:00 AM;17921;
51;6/11/2026 12:00:00 AM;17981;
52;6/10/2026 12:00:00 AM;17971;
53;6/9/2026 12:00:00 AM;18141;
54;6/8/2026 12:00:00 AM;18171;
55;6/5/2026 12:00:00 AM;18039;
56;6/4/2026 12:00:00 AM;18039;
57;6/3/2026 12:00:00 AM;17931;
58;6/2/2026 12:00:00 AM;17863;
59;5/29/2026 12:00:00 AM;17883;
60;5/26/2026 12:00:00 AM;17789;
61;5/25/2026 12:00:00 AM;17743;
62;5/22/2026 12:00:00 AM;17717;
63;5/21/2026 12:00:00 AM;17673;
64;5/20/2026 12:00:00 AM;17685;
65;5/19/2026 12:00:00 AM;17719;
66;5/18/2026 12:00:00 AM;17666;
67;5/13/2026 12:00:00 AM;17496;
68;5/12/2026 12:00:00 AM;17514;
69;5/11/2026 12:00:00 AM;17415;
70;5/8/2026 12:00:00 AM;17375;
71;5/7/2026 12:00:00 AM;17362;
72;5/6/2026 12:00:00 AM;17405;
73;5/5/2026 12:00:00 AM;17425;
74;5/4/2026 12:00:00 AM;17368;
75;4/30/2026 12:00:00 AM;17378;
76;4/29/2026 12:00:00 AM;17324;
77;4/28/2026 12:00:00 AM;17245;
78;4/27/2026 12:00:00 AM;17227;
79;4/24/2026 12:00:00 AM;17278;
80;4/23/2026 12:00:00 AM;17308;
81;4/22/2026 12:00:00 AM;17179;
82;4/21/2026 12:00:00 AM;17142;
83;4/20/2026 12:00:00 AM;17176;
84;4/17/2026 12:00:00 AM;17189;
85;4/16/2026 12:00:00 AM;17142;
86;4/15/2026 12:00:00 AM;17141;
87;4/14/2026 12:00:00 AM;17135;
88;4/13/2026 12:00:00 AM;17122;
89;4/10/2026 12:00:00 AM;17112;
90;4/9/2026 12:00:00 AM;17082;
91;4/8/2026 12:00:00 AM;17009;
92;4/7/2026 12:00:00 AM;17092;
93;4/6/2026 12:00:00 AM;17037;
94;4/2/2026 12:00:00 AM;17015;
95;4/1/2026 12:00:00 AM;17002;
96;3/31/2026 12:00:00 AM;16999;
97;3/30/2026 12:00:00 AM;16993;
98;3/27/2026 12:00:00 AM;16957;
99;3/26/2026 12:00:00 AM;16903;
100;3/25/2026 12:00:00 AM;16905;
101;3/17/2026 12:00:00 AM;16982;
102;3/16/2026 12:00:00 AM;16990;
103;3/13/2026 12:00:00 AM;16934;
104;3/12/2026 12:00:00 AM;16899;
105;3/11/2026 12:00:00 AM;16867;
106;3/10/2026 12:00:00 AM;16879;
107;3/9/2026 12:00:00 AM;16974;
108;3/6/2026 12:00:00 AM;16919;
109;3/5/2026 12:00:00 AM;16886;
110;3/4/2026 12:00:00 AM;16911;
111;3/3/2026 12:00:00 AM;16870;
112;3/2/2026 12:00:00 AM;16848;
113;2/27/2026 12:00:00 AM;16779;
114;2/26/2026 12:00:00 AM;16758;
115;2/25/2026 12:00:00 AM;16813;
116;2/24/2026 12:00:00 AM;16830;
117;2/23/2026 12:00:00 AM;16818;
118;2/20/2026 12:00:00 AM;16885;
119;2/19/2026 12:00:00 AM;16925;
120;2/18/2026 12:00:00 AM;16884;
121;2/13/2026 12:00:00 AM;16844;
122;2/12/2026 12:00:00 AM;16826;
123;2/11/2026 12:00:00 AM;16781;
124;2/10/2026 12:00:00 AM;16799;
125;2/9/2026 12:00:00 AM;16838;
126;2/6/2026 12:00:00 AM;16887;
127;2/5/2026 12:00:00 AM;16826;
128;2/4/2026 12:00:00 AM;16775;
129;2/3/2026 12:00:00 AM;16777;
130;2/2/2026 12:00:00 AM;16800;
131;1/30/2026 12:00:00 AM;16796;
132;1/29/2026 12:00:00 AM;16786;
133;1/28/2026 12:00:00 AM;16723;
134;1/27/2026 12:00:00 AM;16801;
135;1/26/2026 12:00:00 AM;16779;
136;1/23/2026 12:00:00 AM;16838;
137;1/22/2026 12:00:00 AM;16902;
138;1/21/2026 12:00:00 AM;16963;
139;1/20/2026 12:00:00 AM;16981;
140;1/19/2026 12:00:00 AM;16935;
141;1/15/2026 12:00:00 AM;16880;
142;1/14/2026 12:00:00 AM;16871;
143;1/13/2026 12:00:00 AM;16875;
144;1/12/2026 12:00:00 AM;16853;
145;1/9/2026 12:00:00 AM;16834;
146;1/8/2026 12:00:00 AM;16801;
147;1/7/2026 12:00:00 AM;16785;
148;1/6/2026 12:00:00 AM;16762;
149;1/5/2026 12:00:00 AM;16748;
150;1/2/2026 12:00:00 AM;16725;
151;12/31/2025 12:00:00 AM;16720;
152;12/30/2025 12:00:00 AM;16782;
153;12/29/2025 12:00:00 AM;16788;
154;12/24/2025 12:00:00 AM;16767;
155;12/23/2025 12:00:00 AM;16790;
156;12/22/2025 12:00:00 AM;16773;
157;12/19/2025 12:00:00 AM;16735;
158;12/18/2025 12:00:00 AM;16722;
159;12/17/2025 12:00:00 AM;16698;
160;12/16/2025 12:00:00 AM;16693;
161;12/15/2025 12:00:00 AM;16669;
162;12/12/2025 12:00:00 AM;16652;
163;12/11/2025 12:00:00 AM;16668;
164;12/10/2025 12:00:00 AM;16688;
165;12/9/2025 12:00:00 AM;16677;
166;12/8/2025 12:00:00 AM;16688;
167;12/5/2025 12:00:00 AM;16655;
168;12/4/2025 12:00:00 AM;16646;
169;12/3/2025 12:00:00 AM;16632;
170;12/2/2025 12:00:00 AM;16632;
171;12/1/2025 12:00:00 AM;16668;
172;11/28/2025 12:00:00 AM;16661;
173;11/27/2025 12:00:00 AM;16644;
174;11/26/2025 12:00:00 AM;16673;
175;11/25/2025 12:00:00 AM;16667;
176;11/24/2025 12:00:00 AM;16709;
177;11/21/2025 12:00:00 AM;16719;
178;11/20/2025 12:00:00 AM;16742;
179;11/19/2025 12:00:00 AM;16732;
180;11/18/2025 12:00:00 AM;16760;
181;11/17/2025 12:00:00 AM;16734;
182;11/14/2025 12:00:00 AM;16710;
183;11/13/2025 12:00:00 AM;16732;
184;11/12/2025 12:00:00 AM;16722;
185;11/11/2025 12:00:00 AM;16698;
186;11/10/2025 12:00:00 AM;16666;
187;11/7/2025 12:00:00 AM;16704;
188;11/6/2025 12:00:00 AM;16707;
189;11/5/2025 12:00:00 AM;16729;
190;11/4/2025 12:00:00 AM;16724;
191;11/3/2025 12:00:00 AM;16664;
192;10/31/2025 12:00:00 AM;16625;
193;10/30/2025 12:00:00 AM;16640;
194;10/29/2025 12:00:00 AM;16631;
195;10/28/2025 12:00:00 AM;16622;
196;10/27/2025 12:00:00 AM;16628;
197;10/24/2025 12:00:00 AM;16630;
198;10/23/2025 12:00:00 AM;16645;
199;10/22/2025 12:00:00 AM;16617;
200;10/21/2025 12:00:00 AM;16589;
201;10/20/2025 12:00:00 AM;16585;
202;10/17/2025 12:00:00 AM;16590;
203;10/16/2025 12:00:00 AM;16580;
204;10/15/2025 12:00:00 AM;16577;
205;10/14/2025 12:00:00 AM;16577;
206;10/13/2025 12:00:00 AM;16580;
207;10/10/2025 12:00:00 AM;16585;
208;10/9/2025 12:00:00 AM;16534;
209;10/8/2025 12:00:00 AM;16606;
210;10/7/2025 12:00:00 AM;16560;
211;10/6/2025 12:00:00 AM;16598;
212;10/3/2025 12:00:00 AM;16611;
213;10/2/2025 12:00:00 AM;16612;
214;10/1/2025 12:00:00 AM;16680;
215;9/30/2025 12:00:00 AM;16692;
216;9/29/2025 12:00:00 AM;16680;
217;9/26/2025 12:00:00 AM;16775;
218;9/25/2025 12:00:00 AM;16752;
219;9/24/2025 12:00:00 AM;16680;
220;9/23/2025 12:00:00 AM;16636;
221;9/22/2025 12:00:00 AM;16607;
222;9/19/2025 12:00:00 AM;16578;
223;9/18/2025 12:00:00 AM;16498;
224;9/17/2025 12:00:00 AM;16430;
225;9/16/2025 12:00:00 AM;16385;
226;9/15/2025 12:00:00 AM;16405;
227;9/12/2025 12:00:00 AM;16391;
228;9/11/2025 12:00:00 AM;16468;
229;9/10/2025 12:00:00 AM;16457;
230;9/9/2025 12:00:00 AM;16462;
231;9/8/2025 12:00:00 AM;16348;
232;9/4/2025 12:00:00 AM;16438;
233;9/3/2025 12:00:00 AM;16424;
234;9/2/2025 12:00:00 AM;16418;
235;9/1/2025 12:00:00 AM;16463;
236;8/29/2025 12:00:00 AM;16461;
237;8/28/2025 12:00:00 AM;16356;
238;8/27/2025 12:00:00 AM;16355;
239;8/26/2025 12:00:00 AM;16277;
240;8/25/2025 12:00:00 AM;16255;
241;8/22/2025 12:00:00 AM;16340;
242;8/21/2025 12:00:00 AM;16283;
243;8/20/2025 12:00:00 AM;16291;
244;8/19/2025 12:00:00 AM;16241;
245;8/15/2025 12:00:00 AM;16162;
246;8/14/2025 12:00:00 AM;16109;
247;8/13/2025 12:00:00 AM;16237;
248;8/12/2025 12:00:00 AM;16298;
249;8/11/2025 12:00:00 AM;16253;
250;8/8/2025 12:00:00 AM;16299;
251;8/7/2025 12:00:00 AM;16312;
252;8/6/2025 12:00:00 AM;16379;
253;8/5/2025 12:00:00 AM;16388;
254;8/4/2025 12:00:00 AM;16388;
255;8/1/2025 12:00:00 AM;16494;
256;7/31/2025 12:00:00 AM;16459;
257;7/30/2025 12:00:00 AM;16387;
258;7/29/2025 12:00:00 AM;16399;
259;7/28/2025 12:00:00 AM;16341;
260;7/25/2025 12:00:00 AM;16325;
261;7/24/2025 12:00:00 AM;16283;
262;7/23/2025 12:00:00 AM;16298;
263;7/22/2025 12:00:00 AM;16307;
264;7/21/2025 12:00:00 AM;16330;
265;7/18/2025 12:00:00 AM;16301;
266;7/17/2025 12:00:00 AM;16329;
267;7/16/2025 12:00:00 AM;16288;
268;7/15/2025 12:00:00 AM;16281;
269;7/14/2025 12:00:00 AM;16247;
270;7/11/2025 12:00:00 AM;16221;
271;7/10/2025 12:00:00 AM;16220;
272;7/9/2025 12:00:00 AM;16254;
273;7/8/2025 12:00:00 AM;16238;
274;7/7/2025 12:00:00 AM;16237;
275;7/4/2025 12:00:00 AM;16204;
276;7/3/2025 12:00:00 AM;16209;
277;7/2/2025 12:00:00 AM;16236;
278;7/1/2025 12:00:00 AM;16192;
279;6/30/2025 12:00:00 AM;16231;
280;6/26/2025 12:00:00 AM;16233;
281;6/25/2025 12:00:00 AM;16292;
282;6/24/2025 12:00:00 AM;16370;
283;6/23/2025 12:00:00 AM;16484;
284;6/20/2025 12:00:00 AM;16399;
285;6/19/2025 12:00:00 AM;16378;
286;6/18/2025 12:00:00 AM;16319;
287;6/17/2025 12:00:00 AM;16281;
288;6/16/2025 12:00:00 AM;16296;
289;6/13/2025 12:00:00 AM;16293;
290;6/12/2025 12:00:00 AM;16237;
291;6/11/2025 12:00:00 AM;16265;
292;6/10/2025 12:00:00 AM;16276;
293;6/5/2025 12:00:00 AM;16277;
294;6/4/2025 12:00:00 AM;16305;
295;6/3/2025 12:00:00 AM;16288;
296;6/2/2025 12:00:00 AM;16297;
297;5/28/2025 12:00:00 AM;16300;
298;5/27/2025 12:00:00 AM;16255;
299;5/26/2025 12:00:00 AM;16207;
300;5/23/2025 12:00:00 AM;16289;
301;5/22/2025 12:00:00 AM;16313;
302;5/21/2025 12:00:00 AM;16413;
303;5/20/2025 12:00:00 AM;16406;
304;5/19/2025 12:00:00 AM;16455;
305;5/16/2025 12:00:00 AM;16424;
306;5/15/2025 12:00:00 AM;16535;
307;5/14/2025 12:00:00 AM;16568;
308;5/9/2025 12:00:00 AM;16532;
309;5/8/2025 12:00:00 AM;16497;
310;5/7/2025 12:00:00 AM;16533;
311;5/6/2025 12:00:00 AM;16472;
312;5/5/2025 12:00:00 AM;16421;
313;5/2/2025 12:00:00 AM;16493;
314;4/30/2025 12:00:00 AM;16679;
315;4/29/2025 12:00:00 AM;16787;
316;4/28/2025 12:00:00 AM;16862;
317;4/25/2025 12:00:00 AM;16829;
318;4/24/2025 12:00:00 AM;16884;
319;4/23/2025 12:00:00 AM;16880;
320;4/22/2025 12:00:00 AM;16862;
321;4/21/2025 12:00:00 AM;16808;
322;4/17/2025 12:00:00 AM;16833;
323;4/16/2025 12:00:00 AM;16845;
324;4/15/2025 12:00:00 AM;16815;
325;4/14/2025 12:00:00 AM;16773;
326;4/11/2025 12:00:00 AM;16805;
327;4/10/2025 12:00:00 AM;16779;
328;4/9/2025 12:00:00 AM;16943;
329;4/8/2025 12:00:00 AM;16849;
330;3/27/2025 12:00:00 AM;16566;
331;3/26/2025 12:00:00 AM;16588;
332;3/25/2025 12:00:00 AM;16622;
333;3/24/2025 12:00:00 AM;16561;
334;3/21/2025 12:00:00 AM;16501;
335;3/20/2025 12:00:00 AM;16481;
336;3/19/2025 12:00:00 AM;16528;
337;3/18/2025 12:00:00 AM;16432;
338;3/17/2025 12:00:00 AM;16379;
339;3/14/2025 12:00:00 AM;16392;
340;3/13/2025 12:00:00 AM;16428;
341;3/12/2025 12:00:00 AM;16453;
342;3/11/2025 12:00:00 AM;16430;
343;3/10/2025 12:00:00 AM;16326;
344;3/7/2025 12:00:00 AM;16336;
345;3/6/2025 12:00:00 AM;16315;
346;3/5/2025 12:00:00 AM;16371;
347;3/4/2025 12:00:00 AM;16443;
348;3/3/2025 12:00:00 AM;16506;
349;2/28/2025 12:00:00 AM;16575;
350;2/27/2025 12:00:00 AM;16431;
351;2/26/2025 12:00:00 AM;16387;
352;2/25/2025 12:00:00 AM;16316;
353;2/24/2025 12:00:00 AM;16303;
354;2/21/2025 12:00:00 AM;16300;
355;2/20/2025 12:00:00 AM;16344;
356;2/19/2025 12:00:00 AM;16357;
357;2/18/2025 12:00:00 AM;16275;
358;2/17/2025 12:00:00 AM;16208;
359;2/14/2025 12:00:00 AM;16285;
360;2/13/2025 12:00:00 AM;16365;
361;2/12/2025 12:00:00 AM;16364;
362;2/11/2025 12:00:00 AM;16380;
363;2/10/2025 12:00:00 AM;16350;
364;2/7/2025 12:00:00 AM;16325;
365;2/6/2025 12:00:00 AM;16330;
366;2/5/2025 12:00:00 AM;16308;
367;2/4/2025 12:00:00 AM;16365;
368;2/3/2025 12:00:00 AM;16453;
369;1/31/2025 12:00:00 AM;16312;
370;1/30/2025 12:00:00 AM;16259;
371;1/24/2025 12:00:00 AM;16200;
372;1/23/2025 12:00:00 AM;16276;
373;1/22/2025 12:00:00 AM;16327;
374;1/21/2025 12:00:00 AM;16331;
375;1/20/2025 12:00:00 AM;16372;
376;1/17/2025 12:00:00 AM;16373;
377;1/16/2025 12:00:00 AM;16378;
378;1/15/2025 12:00:00 AM;16311;
379;1/14/2025 12:00:00 AM;16265;
380;1/13/2025 12:00:00 AM;16281;
381;1/10/2025 12:00:00 AM;16194;
382;1/9/2025 12:00:00 AM;16238;
383;1/8/2025 12:00:00 AM;16201;
384;1/7/2025 12:00:00 AM;16169;
385;1/6/2025 12:00:00 AM;16193;
386;1/3/2025 12:00:00 AM;16217;
387;1/2/2025 12:00:00 AM;16236;
388;12/31/2024 12:00:00 AM;16157;
389;12/30/2024 12:00:00 AM;16162;
390;12/27/2024 12:00:00 AM;16251;
391;12/24/2024 12:00:00 AM;16208;
392;12/23/2024 12:00:00 AM;16159;
393;12/20/2024 12:00:00 AM;16270;
394;12/19/2024 12:00:00 AM;16277;
395;12/18/2024 12:00:00 AM;16100;
396;12/17/2024 12:00:00 AM;16050;
397;12/16/2024 12:00:00 AM;16019;
398;12/13/2024 12:00:00 AM;15987;
399;12/12/2024 12:00:00 AM;15939;
400;12/11/2024 12:00:00 AM;15905;
401;12/10/2024 12:00:00 AM;15874;
402;12/9/2024 12:00:00 AM;15861;
403;12/6/2024 12:00:00 AM;15848;
404;12/5/2024 12:00:00 AM;15892;
405;12/4/2024 12:00:00 AM;15957;
406;12/3/2024 12:00:00 AM;15950;
407;12/2/2024 12:00:00 AM;15905;
408;11/29/2024 12:00:00 AM;15856;
409;11/28/2024 12:00:00 AM;15864;
410;11/26/2024 12:00:00 AM;15930;
411;11/25/2024 12:00:00 AM;15864;
412;11/22/2024 12:00:00 AM;15911;
413;11/21/2024 12:00:00 AM;15942;
414;11/20/2024 12:00:00 AM;15858;
415;11/19/2024 12:00:00 AM;15816;
416;11/18/2024 12:00:00 AM;15848;
417;11/15/2024 12:00:00 AM;15888;
418;11/14/2024 12:00:00 AM;15873;
419;11/13/2024 12:00:00 AM;15782;
420;11/12/2024 12:00:00 AM;15771;
421;11/11/2024 12:00:00 AM;15677;
422;11/8/2024 12:00:00 AM;15671;
423;11/7/2024 12:00:00 AM;15767;
424;11/6/2024 12:00:00 AM;15840;
425;11/5/2024 12:00:00 AM;15766;
426;11/4/2024 12:00:00 AM;15751;
427;11/1/2024 12:00:00 AM;15723;
428;10/31/2024 12:00:00 AM;15705;
429;10/30/2024 12:00:00 AM;15732;
430;10/29/2024 12:00:00 AM;15760;
431;10/28/2024 12:00:00 AM;15729;
432;10/25/2024 12:00:00 AM;15629;
433;10/24/2024 12:00:00 AM;15593;
434;10/23/2024 12:00:00 AM;15620;
435;10/22/2024 12:00:00 AM;15560;
436;10/21/2024 12:00:00 AM;15465;
437;10/18/2024 12:00:00 AM;15466;
438;10/17/2024 12:00:00 AM;15516;
439;10/16/2024 12:00:00 AM;15536;
440;10/15/2024 12:00:00 AM;15555;
441;10/14/2024 12:00:00 AM;15581;
442;10/11/2024 12:00:00 AM;15609;
443;10/10/2024 12:00:00 AM;15658;
444;10/9/2024 12:00:00 AM;15607;
445;10/8/2024 12:00:00 AM;15671;
446;10/7/2024 12:00:00 AM;15680;
447;10/4/2024 12:00:00 AM;15495;
448;10/3/2024 12:00:00 AM;15394;
449;10/2/2024 12:00:00 AM;15247;
450;10/1/2024 12:00:00 AM;15204;
451;9/30/2024 12:00:00 AM;15144;
452;9/27/2024 12:00:00 AM;15138;
453;9/26/2024 12:00:00 AM;15171;
454;9/25/2024 12:00:00 AM;15092;
455;9/24/2024 12:00:00 AM;15186;
456;9/23/2024 12:00:00 AM;15191;
457;9/20/2024 12:00:00 AM;15100;
458;9/19/2024 12:00:00 AM;15287;
459;9/18/2024 12:00:00 AM;15350;
460;9/17/2024 12:00:00 AM;15338;
461;9/13/2024 12:00:00 AM;15405;
462;9/12/2024 12:00:00 AM;15421;
463;9/11/2024 12:00:00 AM;15415;
464;9/10/2024 12:00:00 AM;15447;
465;9/9/2024 12:00:00 AM;15446;
466;9/6/2024 12:00:00 AM;15372;
467;9/5/2024 12:00:00 AM;15410;
468;9/4/2024 12:00:00 AM;15490;
469;9/3/2024 12:00:00 AM;15557;
470;9/2/2024 12:00:00 AM;15536;
471;8/30/2024 12:00:00 AM;15473;
472;8/29/2024 12:00:00 AM;15409;
473;8/28/2024 12:00:00 AM;15476;
474;8/27/2024 12:00:00 AM;15509;
475;8/26/2024 12:00:00 AM;15380;
476;8/23/2024 12:00:00 AM;15554;
477;8/22/2024 12:00:00 AM;15579;
478;8/21/2024 12:00:00 AM;15456;
479;8/20/2024 12:00:00 AM;15480;
480;8/19/2024 12:00:00 AM;15591;
481;8/16/2024 12:00:00 AM;15716;
482;8/15/2024 12:00:00 AM;15687;
483;8/14/2024 12:00:00 AM;15691;
484;8/13/2024 12:00:00 AM;15885;
485;8/12/2024 12:00:00 AM;15963;
486;8/9/2024 12:00:00 AM;15914;
487;8/8/2024 12:00:00 AM;15952;
488;8/7/2024 12:00:00 AM;16100;
489;8/6/2024 12:00:00 AM;16183;
490;8/5/2024 12:00:00 AM;16154;
491;8/2/2024 12:00:00 AM;16234;
492;8/1/2024 12:00:00 AM;16243;
493;7/31/2024 12:00:00 AM;16294;
494;7/30/2024 12:00:00 AM;16320;
495;7/29/2024 12:00:00 AM;16286;
496;7/26/2024 12:00:00 AM;16294;
497;7/25/2024 12:00:00 AM;16268;
498;7/24/2024 12:00:00 AM;16224;
499;7/23/2024 12:00:00 AM;16204;
500;7/22/2024 12:00:00 AM;16228;
501;7/19/2024 12:00:00 AM;16199;
502;7/18/2024 12:00:00 AM;16160;
503;7/17/2024 12:00:00 AM;16129;
504;7/16/2024 12:00:00 AM;16203;
505;7/15/2024 12:00:00 AM;16174;
506;7/12/2024 12:00:00 AM;16154;
507;7/11/2024 12:00:00 AM;16200;
508;7/10/2024 12:00:00 AM;16256;
509;7/9/2024 12:00:00 AM;16281;
510;7/8/2024 12:00:00 AM;16265;
511;7/5/2024 12:00:00 AM;16312;
512;7/4/2024 12:00:00 AM;16341;
513;7/3/2024 12:00:00 AM;16387;
514;7/2/2024 12:00:00 AM;16384;
515;7/1/2024 12:00:00 AM;16355;
516;6/28/2024 12:00:00 AM;16394;
517;6/27/2024 12:00:00 AM;16421;
518;6/26/2024 12:00:00 AM;16435;
519;6/25/2024 12:00:00 AM;16379;
520;6/24/2024 12:00:00 AM;16431;
521;6/21/2024 12:00:00 AM;16458;
522;6/20/2024 12:00:00 AM;16420;
523;6/19/2024 12:00:00 AM;16368;
524;6/14/2024 12:00:00 AM;16374;
525;6/13/2024 12:00:00 AM;16286;
526;6/12/2024 12:00:00 AM;16297;
527;6/11/2024 12:00:00 AM;16295;
528;6/10/2024 12:00:00 AM;16290;
529;6/7/2024 12:00:00 AM;16218;
530;6/6/2024 12:00:00 AM;16279;
531;6/5/2024 12:00:00 AM;16282;
532;6/4/2024 12:00:00 AM;16220;
533;6/3/2024 12:00:00 AM;16225;
